"Type de commission","Date","Heure","À l'initiative de","Ordre(s) du jour"
"COMPER","2026-09-24","14:30","Commission des affaires économiques","éventuellement, suite de l’examen du projet de loi, adopté par le Sénat, visant la relance et la décentralisation du logement (n° 3058) (Mme Annaïg Le Meur, rapporteure)."
"CNPE","2026-09-22","14:30","Commission d'enquête sur les causes et les conséquences de l'augmentation de la pauvreté, notamment pour les travailleurs séniors et les personnes âgées, et les manquements des politiques publiques pour y faire face","audition, ouverte à la presse, de Mme Aude Muscatelli, directrice générale adjointe de la Caisse nationale de solidarité pour l’autonomie (CNSA)."
"MISFLASH","2026-09-22","14:00","Mission d'information sur le coût de la canicule","audition de la Fédération hospitalière de France (FHF) avec Mme Cécile Chevance, responsable du pôle offres, Mme Alexandra Liparo, responsable adjointe du pôle offres, M. Vincent Ollivier, responsable adjoint du pôle offres, M. Rudy Chouvel, responsable adjoint du pôle offres."
"MISINFO","2026-09-23","15:00","Mission d'information sur l'avenir de la cavalerie","audition du GDI Le Carff, sous-chef d’état-major plans et programmes de l’Armée de Terre."
"MISINFO","2026-09-23","16:45","Mission d’information sur les mesures et dispositifs mis en œuvre par l’État pour renforcer la protection des personnels éducatifs à la suite de l’assassinat de Samuel Paty","- audition de M. Jean-Louis Linder, président de l’Autonome de solidarité laïque, et de Maître Florence Lec, avocate."
"COMPER","2026-09-30","11:00","Commission de la défense nationale et des forces armées","examen, conjoint avec la commission des affaires étrangères et ouvert à la presse, de la mission d’information commune sur l'articulation et la compatibilité des défenses européennes et atlantiques (M. David Habib et Mme Michèle Tabarot, rapporteurs) et vote sur l’autorisation de la publication du rapport."
"MISFLASH","2026-09-24","17:00","Mission d'information sur le coût de la canicule","audition en visioconférence du groupe EDF avec M. Fabrice Noilhan, directeur stratégie groupe et M. Bertrand Le Thiec, directeur des affaires publiques."
"MISINFO","2026-09-22","16:30","Mission d'information sur l'avenir de la cavalerie","audition de M. Alexandre Dupuy, directeur des activités systèmes de KNDS France."
"MISINFO","2026-09-23","17:00","Mission sur l’avenir des hélicoptères","audition de Mme Isabelle Dufour, Directrice des études stratégiques, Eurocrise."
"COMPER","2026-09-23","16:30","Commission des affaires sociales","table ronde sur les dispositifs médicaux gynécologiques réunissant :haute autorité de santé : Mme Floriane Pelon, directrice de l’évaluation et de l’accès aux soins, et M. Hubert Galmiche, chef du service Évaluation des dispositifs médicaux ;agence nationale de sécurité du médicament et des produits de santé : M. Grégory Emery, directeur général, et M. Charles-Emmanuel Barthélémy, adjoint à la sous directrice de la politique des produits de santé et de la qualité des pratiques et des soins ;Dr Michel Vincent, pneumologue, administrateur du Groupe Adène ;Mme Ana-Maria Trunfio-Sfarghiu, chargée de recherche au Centre national de la recherche scientifique."
"DELEG","2026-10-07","18:30","Délégation aux collectivités territoriales et à la décentralisation","audition, ouverte à la presse, de M. David Amiel, ministre de l’action et des comptes publics."
"MISINFOPRE","2026-09-29","16:30","Mission d'information sur le maillage scolaire à l'épreuve du défi démographique","audition conjointe, ouverte à la presse, des associations de parents d’élèves :M. Guillaume Brun, secrétaire général adjoint de la Fédération des conseils de parents d’élèves (FCPE) ; M. Emmanuel Garot, président de la Fédération des parents d'élèves de l'enseignement public (PEEP) ;M. Olivier Mathieu, administrateur de l’Union nationale des associations autonomes de parents d’élèves (UNAAPE)."
"MISINFOPRE","2026-09-30","18:00","Mission d'information sur le maillage scolaire à l'épreuve du défi démographique","audition, ouverte à la presse, de M. Henri Prevost, directeur général de l’Agence nationale de la cohésion des territoires (ANCT)."
"COMPER","2026-09-23","09:30","Commission des finances, de l'économie générale et du contrôle budgétaire","examen et vote sur l’autorisation de publication du rapport sur l’application des lois fiscales (M. Philippe Juvin, rapporteur général)."
"COMPER","2026-09-23","16:30","Commission des finances, de l'économie générale et du contrôle budgétaire","table ronde sur le financement de la souveraineté numérique : audition de M. Théau Peronnin, cofondateur de la société Alice et Bob, et de M. Sébastien Lescop, directeur général de la société Cloud Temple."
"COMPER","2026-09-23","09:30","Commission du développement durable et de l'aménagement du territoire","désignation d’un rapporteur sur la proposition de loi visant à abroger les zones à faibles émissions-mobilités (n° 2970) (sous réserve de son inscription à l’ordre du jour)."
"COMPER","2026-09-23","09:30","Commission des affaires culturelles et de l'éducation","audition de Mme Aurélie Rousseau et M. Fabrice Schlosser, co-présidents de Locales.tv, et M. Jean Brun, secrétaire général, sur la situation des chaînes de télévision locales."
"COMPER","2026-09-23","14:00","Commission des affaires sociales","nomination d’un rapporteur sur le projet de loi de financement de la sécurité sociale pour 2027 ;nomination d’un rapporteur sur la mise en application de la loi n° 2023-659 du 26 juillet 2023 visant à lutter contre le dumping social sur le transmanche et à renforcer la sécurité du transport maritime ;audition de M. Cyrille Isaac-Sibille, député, chargé par M. le Premier ministre, en application de l’article L.O. 144 du code électoral, d’une mission temporaire sur la prévention primaire en santé."
"CNPS","2026-09-22","15:00","Commission spéciale chargée d'examiner la proposition de loi apportant une réponse intégrale au phénomène des violences sexuelles et sexistes contre les femmes et les enfants et la proposition de loi organique visant à adapter l'autorité judiciaire à la lutte contre les violences sexuelles et intrafamiliales","Suite de l’ordre du jour du matin."
"CNPS","2026-09-23","21:30","Commission spéciale chargée d'examiner la proposition de loi apportant une réponse intégrale au phénomène des violences sexuelles et sexistes contre les femmes et les enfants et la proposition de loi organique visant à adapter l'autorité judiciaire à la lutte contre les violences sexuelles et intrafamiliales","Suite de l’ordre du jour de l’après-midi."
"CNPS","2026-09-23","09:00","Commission spéciale chargée d'examiner la proposition de loi apportant une réponse intégrale au phénomène des violences sexuelles et sexistes contre les femmes et les enfants et la proposition de loi organique visant à adapter l'autorité judiciaire à la lutte contre les violences sexuelles et intrafamiliales","Suite de l’examen de la proposition de loi visant à apporter une réponse intégrale au phénomène des violences sexuelles et sexistes contre les femmes et les enfants (n° 3106) (Mme Céline Thiébault-Martinez, rapporteure générale ; Mmes Céline Thiébault Martinez, Marie-Charlotte Garin, Isabelle Rauch, Émilie Bonnivard, Soumya Bourouaha, rapporteures, MM. David Taupiac, Erwan Balanant, Guillaume Gouffier Valente, Karim Benbrahim, rapporteurs) et de la proposition de loi organique visant à adapter l’autorité judiciaire à la lutte contre les violences sexuelles et intrafamiliales (n° 3107) (Mme Céline Thiébault-Martinez, rapporteure)."
"CNPS","2026-09-24","15:00","Commission spéciale chargée d'examiner la proposition de loi apportant une réponse intégrale au phénomène des violences sexuelles et sexistes contre les femmes et les enfants et la proposition de loi organique visant à adapter l'autorité judiciaire à la lutte contre les violences sexuelles et intrafamiliales","Suite de l’ordre du jour du matin."
"COMPER","2026-09-22","21:30","Commission des affaires économiques","suite de l’examen du projet de loi, adopté par le Sénat, visant la relance et la décentralisation du logement (n° 3058) (Mme Annaïg Le Meur, rapporteure)."
"MISFLASH","2026-09-23","10:30","Mission flash sur l'impact environnemental des aliments ultra-transformés","- Agence nationale de sécurité sanitaire de l’alimentation, de l’environnement et du travail (Anses) :M. Matthieu Schuler, directeur général délégué chargé du pôle sciences pour l’expertiseMme Irène Margaritis, adjointe au directeur de l’évaluation du risque et responsable du domaine « alimentation, santé animale et végétale »Mme Sarah Aubertie, chargée des relations institutionnelles"
"MISINFO","2026-09-24","11:00","Mission d'information sur l'ouverture de la voie du Nord et les enjeux de défense","audition de M. Hervé Baudu, professeur émérite de l’Enseignement maritime et chargé de mission auprès de la Marine nationale pour les enjeux polaires arctiques."
"COMPER","2026-10-01","10:00","Commission de la défense nationale et des forces armées","élection du Bureau de la Commission."
"CNPS","2026-09-25","09:00","Commission spéciale chargée d'examiner la proposition de loi apportant une réponse intégrale au phénomène des violences sexuelles et sexistes contre les femmes et les enfants et la proposition de loi organique visant à adapter l'autorité judiciaire à la lutte contre les violences sexuelles et intrafamiliales","Éventuellement, suite de l’examen de la proposition de loi visant à apporter une réponse intégrale au phénomène des violences sexuelles et sexistes contre les femmes et les enfants (n° 3106) (Mme Céline Thiébault-Martinez, rapporteure)."
"COMPER","2026-09-23","14:30","Commission des affaires économiques","suite de l’examen du projet de loi, adopté par le Sénat, visant la relance et la décentralisation du logement (n° 3058) (Mme Annaïg Le Meur, rapporteure)."
"COMPER","2026-09-23","09:00","Commission des affaires étrangères","audition, ouverte à la presse, de Mme Chantal Verger, présidente de la commission d’évaluation de l’aide publique au développement (CEAPD), et de M. Denis Tersen, rapporteur de l’étude-diagnostic sur les flux financiers de l’APD française, accompagnés de M. Olivier Brochenin, secrétaire général de la commission d’évaluation ;nomination de rapporteurs d’information sur :la vulnérabilité des détroits et passages maritimes ;l’attractivité scientifique et universitaire de la France dans un contexte de compétition mondiale ;le bilan de la mise en oeuvre du rapport Pour une amélioration de la délivrance des visas – dit « Hermelin » – et du processus d’externalisation de certains aspects de la délivrance des visas."
"COMPER","2026-09-24","09:30","Commission des affaires économiques","éventuellement, suite de l’examen du projet de loi, adopté par le Sénat, visant la relance et la décentralisation du logement (n° 3058) (Mme Annaïg Le Meur, rapporteure)."
"CNPE","2026-09-22","11:00","Commission d'enquête sur les causes et les conséquences de l'augmentation de la pauvreté, notamment pour les travailleurs séniors et les personnes âgées, et les manquements des politiques publiques pour y faire face","table ronde, ouverte à la presse, sur le sujet du non recours aux prestations sociales : M. Paul Hobeika, sociologue, Mme Héléna Revil (en visioconférence), membre de l’Observatoire des non recours aux droits et aux services (ODENORE), M. Jacques Rougeaux, secrétaire de l’association aide dossier retraite (ADIPR) de Paris, et M. Raphaël Quartier, chargé d’études statistiques au Secours catholique – Caritas France."
"GA","2026-09-24","14:00","France-Géorgie",""
"MISEVAL","2026-09-24","09:00","Mission d’évaluation des politiques de santé environnementale (second volet)","table ronde d’associations de victimes et acteurs engagés dans la prévention des risques chimiques professionnels, réunissant : M. Bernard Bouché, militant de l’Association Henri Pézerat ; MM. François Desriaux, porte-parole, et Jean-François Fournial, administrateur, Association nationale de défense des victimes de l’amiante et autres maladies professionnelles (Andeva) ; M. Philippe Karim Felissi, avocat conseil auprès de la FNATH, Association des accidentés de la vie ; et M. Antoine Lambert, président de l’association Phyto-Victimes."
"MISINFO","2026-09-23","16:00","Mission d’information sur les mesures et dispositifs mis en œuvre par l’État pour renforcer la protection des personnels éducatifs à la suite de l’assassinat de Samuel Paty","- audition de M. David di Nota, auteur de J’ai exécuté un chien de l’enfer : rapport sur l’assassinat de Samuel Paty."
"COMPER","2026-09-30","09:00","Commission de la défense nationale et des forces armées","audition, à huis clos, du général d’armée aérienne Fabien Mandon, chef d’état major des armées, sur l’actualité géopolitique et militaire ;autorisation de publication du recueil des auditions du cycle sur « Guerre hybride et continuum de conflictualités » ;nomination d’un rapporteur sur la proposition de loi pour étendre le statut et les conditions d’attribution de la mention « Mort pour le service de la Nation » (n° 1553)."
"MISINFO","2026-09-22","16:30","Mission d'information : Arcom : nouveaux usages, nouveaux enjeux","audition de RMC BFM – Mme Alix de Montesquieu, directrice des affaires publiques de CMA Media."
"MISINFO","2026-09-22","15:00","Mission d'information sur l'avenir de la cavalerie","audition de M. Marc Chassillan, expert en armement."
"MISINFO","2026-09-23","16:30","Mission d'information sur l'avenir de la cavalerie","audtion des représentants de Thalès : Général d’armée Bernard Barrera, Conseiller Défense Terre ; M. Cyrille Guetin, Directeur technique ; et M. François Xavier Héon, responsable des Relations gouvernementales et Conseiller opérationnel Milieu Terre."
"COMPER","2026-09-30","17:00","Commission de la défense nationale et des forces armées","audition commune, ouverte à la presse et conjointe avec les commissions des affaires économiques et des affaires étrangères, de Mme Catherine Vautrin, ministre des Armées et des Anciens combattants, M. Sébastien Martin, ministre délégué chargé de l’Industrie, et Mme Éléonore Caroit, ministre déléguée chargée de la Francophonie, des Partenariats internationaux et des Français de l’étranger, relative aux rapports annuels du Gouvernement au Parlement de juillet 2026 sur les exportations d’armement et les exportations des biens à double usage de la France."
"MISINFO","2026-09-22","17:30","Mission d'information : Arcom : nouveaux usages, nouveaux enjeux","audition de NRJ Group – Mme Maryam Salehi, directrice déléguée à la direction générale, Mme Philippine Brisset, responsable des relations institutionnelles, et Mme Laetitia Faivre, secrétaire générale."
"GA","2026-09-22","00:00","France-Portugal",""
"MISINFO","2026-09-22","14:00","Mission d'information sur l'ouverture de la voie du Nord et les enjeux de défense","audition de M. Frédéric Lasserre, professeur au département de géographie de l'Université Laval (Québec), directeur du Conseil Québécois d’Études géopolitiques (CQEG)."
"DELEG","2026-09-29","16:30","Délégation de l'Assemblée nationale aux droits des femmes et à l'égalité des chances entre les hommes et les femmes","examen du rapport, ouvert à la presse, de la mission d'information sur le coût des violences sexistes et sexuelles et l’accompagnement des victimes (Mmes Sandrine Josso et Élise Leboucher, rapporteures). "
"GA","2026-10-05","00:00","France-Cameroun",""
"DELEG","2026-10-13","16:30","Délégation aux collectivités territoriales et à la décentralisation","audition, ouverte à la presse, de Mme Françoise Gatel, ministre de l’Aménagement du territoire et de la Décentralisation."
"MISINFOPRE","2026-09-30","15:00","Mission d'information sur le maillage scolaire à l'épreuve du défi démographique","audition conjointe, ouverte à la presse, des syndicats représentatifs des personnels d’inspection pour le premier degré public :syndicat unitaire de l’inspection pédagogique (SUI-FSU) – M. Régis Debats, secrétaire général adjoint ;syndicat de l’inspection de l’éducation nationale (SIEN-UNSA) – sous réserve de confirmation."
"COMPER","2026-09-22","16:30","Commission des finances, de l'économie générale et du contrôle budgétaire","audition de M. Bernard Lejeune, président de la sixième chambre de la Cour des comptes, sur l’enquête demandée à la Cour des comptes en application du 2° de l’article 58 de la LOLF relative aux retraites des fonctionnaires."
"COMPER","2026-09-23","15:00","Commission des affaires sociales","table ronde sur les dispositifs médicaux gynécologiques réunissant (sous réserve de confirmation) :association Balance ta bandelette : Mme Anne-Laure Castelli, présidente, et Mme Françoise Chestier, membre du conseil d’administration ;association Diva ;france Assos Santé : M. Yann Mazens ;collège national des gynécologues et obstétriciens français : Pr Xavier Deffieux ;Pr Benoît Peyronnet, chirurgien urologue (CHU de Rennes), responsable du comité d’urologie et de pelvi-périnéologie de la femme de l’Association française d’urologie."
"COMPER","2026-09-23","15:00","Commission des finances, de l'économie générale et du contrôle budgétaire","table ronde sur le financement de la souveraineté numérique : audition de Mme Ophélie Coelho, chercheuse associée à l’IRIS, et de M. Jean-Gabriel Ganascia, professeur des universités."
"CNPE","2026-09-22","14:30","Commission d'enquête sur le coût réel des aides sociales et les effets de désincitation au travail engendrés par leur cumul","audition, ouverte à la presse, de M. Michel Houbedine, directeur de la Direction de l’animation de la recherche, des études et des statistiques (Dares), Mme Yaëlle Hauseux, cheffe de la mission analyse économique (MAE), et M. Raphaël Lardeux, chef du département suivi et indemnisation des demandeurs d'emploi (DSIDE)."
"COMPER","2026-09-24","09:00","Commission des finances, de l'économie générale et du contrôle budgétaire","audition de MM. Xavier Jaravel, Jean-Luc Tavernier et Xavier Ragot, sur le rapport sur la transparence des finances publiques."
"CNPS","2026-09-22","09:00","Commission spéciale chargée d'examiner la proposition de loi apportant une réponse intégrale au phénomène des violences sexuelles et sexistes contre les femmes et les enfants et la proposition de loi organique visant à adapter l'autorité judiciaire à la lutte contre les violences sexuelles et intrafamiliales","Suite de l’examen de la proposition de loi visant à apporter une réponse intégrale au phénomène des violences sexuelles et sexistes contre les femmes et les enfants (n° 3106) (Mme Céline Thiébault-Martinez, rapporteure générale ; Mmes Céline Thiébault Martinez, Marie-Charlotte Garin, Isabelle Rauch, Émilie Bonnivard, Soumya Bourouaha, rapporteures, MM. David Taupiac, Erwan Balanant, Guillaume Gouffier Valente, Karim Benbrahim, rapporteurs) et de la proposition de loi organique visant à adapter l’autorité judiciaire à la lutte contre les violences sexuelles et intrafamiliales (n° 3107) (Mme Céline Thiébault-Martinez, rapporteure)."
"CNPS","2026-09-22","21:30","Commission spéciale chargée d'examiner la proposition de loi apportant une réponse intégrale au phénomène des violences sexuelles et sexistes contre les femmes et les enfants et la proposition de loi organique visant à adapter l'autorité judiciaire à la lutte contre les violences sexuelles et intrafamiliales","Suite de l’ordre du jour de l’après-midi."
"CNPS","2026-09-24","09:00","Commission spéciale chargée d'examiner la proposition de loi apportant une réponse intégrale au phénomène des violences sexuelles et sexistes contre les femmes et les enfants et la proposition de loi organique visant à adapter l'autorité judiciaire à la lutte contre les violences sexuelles et intrafamiliales","Suite de l’examen de la proposition de loi visant à apporter une réponse intégrale au phénomène des violences sexuelles et sexistes contre les femmes et les enfants (n° 3106) (Mme Céline Thiébault-Martinez, rapporteure)."
"MISFLASH","2026-09-22","14:30","Mission flash sur l'impact environnemental des aliments ultra-transformés","Audition commune sur les questions de transparence, avec la participation de  :- Yuka :Mme Gabriela Mourad Vicenssuto, ingénieure nutrition - Association Open Food Facts :M. Pierre Slamich, co-fondateur- Collectif en vérité :M. David Garbous, présidentMme Juliette Decaudin, déléguée générale"
"MISINFO","2026-09-24","09:00","Mission d'information sur l'ouverture de la voie du Nord et les enjeux de défense","audition de M. David Renault, directeur de l’Institut polaire Paul Emile Victor."
"CNPS","2026-09-23","15:00","Commission spéciale chargée d'examiner la proposition de loi apportant une réponse intégrale au phénomène des violences sexuelles et sexistes contre les femmes et les enfants et la proposition de loi organique visant à adapter l'autorité judiciaire à la lutte contre les violences sexuelles et intrafamiliales","Suite de l’ordre du jour du matin."
"CNPS","2026-09-24","21:30","Commission spéciale chargée d'examiner la proposition de loi apportant une réponse intégrale au phénomène des violences sexuelles et sexistes contre les femmes et les enfants et la proposition de loi organique visant à adapter l'autorité judiciaire à la lutte contre les violences sexuelles et intrafamiliales","Suite de l’ordre du jour de l’après-midi."
"COMPER","2026-09-23","09:30","Commission des affaires économiques","suite de l’examen du projet de loi, adopté par le Sénat, visant la relance et la décentralisation du logement (n° 3058) (Mme Annaïg Le Meur, rapporteure)."
"COMPER","2026-09-24","21:30","Commission des affaires économiques","éventuellement, suite de l’examen du projet de loi, adopté par le Sénat, visant la relance et la décentralisation du logement (n° 3058) (Mme Annaïg Le Meur, rapporteure)."
"COMPER","2026-10-01","14:00","Commission de la défense nationale et des forces armées","discussion générale puis examen, ouvert à la presse, de la proposition de loi pour étendre le statut et les conditions d’attribution de la mention « Mort pour le service de la Nation » (n° 1553)."
"API","2026-10-19","00:00","Délégation française à l'Assemblée parlementaire de l'OTAN","Participation de Mme Natalia Pouzyreff, Présidente de la délégation française, et de Mme Michèle Tabarot au 1er séminaire du Conseil interparlementaire OTAN-Ukraine (UNIC) à Varsovie (Pologne) du 19 au 20 octobre 2026."
"CNPS","2026-09-25","15:00","Commission spéciale chargée d'examiner la proposition de loi apportant une réponse intégrale au phénomène des violences sexuelles et sexistes contre les femmes et les enfants et la proposition de loi organique visant à adapter l'autorité judiciaire à la lutte contre les violences sexuelles et intrafamiliales","Éventuellement, suite de l’ordre du jour du matin."
"COMPER","2026-09-22","15:30","Commission des affaires économiques","création d’une mission d’information sur l’avenir, la gestion et la gouvernance du foncier agricole ;Suite de l’examen du projet de loi, adopté par le Sénat, visant la relance et la décentralisation du logement (n° 3058) (Mme Annaïg Le Meur, rapporteure)."
"COMPER","2026-09-23","21:30","Commission des affaires économiques","éventuellement, suite de l’examen du projet de loi, adopté par le Sénat, visant la relance et la décentralisation du logement (n° 3058) (Mme Annaïg Le Meur, rapporteure)."
